1|Toy Story|0|0|1|1|1|0|0|0|0|0|0|0|0|0|0|0|0|0
2|GoldenEye|1|1|0|0|0|0|0|0|0|0|0|0|0|0|0|1|0|0
3|Four Rooms|0|0|0|0|0|0|0|0|0|0|0|0|0|0|0|1|0|0
4|Get Shorty|1|0|0|0|1|0|0|1|0|0|0|0|0|0|0|0|0|0
5|Copycat|0|0|0|0|0|1|0|1|0|0|0|0|0|0|0|1|0|0
6|Shanghai Triad (Yao a yao yao dao waipo qiao)|0|0|0|0|0|0|0|1|0|0|0|0|0|0|0|0|0|0
7|Twelve Monkeys|0|0|0|0|0|0|0|1|0|0|0|0|0|0|1|0|0|0
8|Babe|0|0|0|1|1|0|0|1|0|0|0|0|0|0|0|0|0|0
9|Dead Man Walking|0|0|0|0|0|0|0|1|0|0|0|0|0|0|0|0|0|0
10|Richard III|0|0|0|0|0|0|0|1|0|0|0|0|0|0|0|0|1|0
11|Seven (Se7en)|0|0|0|0|0|1|0|0|0|0|0|0|0|0|0|1|0|0
12|Usual Suspects, The|0|0|0|0|0|1|0|0|0|0|0|0|0|0|0|1|0|0
13|Mighty Aphrodite|0|0|0|0|1|0|0|0|0|0|0|0|0|0|0|0|0|0
14|Postino, Il|0|0|0|0|0|0|0|1|0|0|0|0|0|1|0|0|0|0
15|Mr. Holland's Opus|0|0|0|0|0|0|0|1|0|0|0|0|0|0|0|0|0|0
16|French Twist (Gazon maudit)|0|0|0|0|1|0|0|0|0|0|0|0|0|1|0|0|0|0
17|From Dusk Till Dawn|1|0|0|0|1|1|0|0|0|0|1|0|0|0|0|1|0|0
18|White Balloon, The|0|0|0|0|0|0|0|1|0|0|0|0|0|0|0|0|0|0
19|Antonia's Line|0|0|0|0|0|0|0|1|0|0|0|0|0|0|0|0|0|0
20|Angels and Insects|0|0|0|0|0|0|0|1|0|0|0|0|0|1|0|0|0|0
21|Muppet Treasure Island|1|1|0|0|1|0|0|0|0|0|0|1|0|0|0|1|0|0
22|Braveheart|1|0|0|0|0|0|0|1|0|0|0|0|0|0|0|0|1|0
23|Taxi Driver|0|0|0|0|0|0|0|1|0|0|0|0|0|0|0|1|0|0
24|Rumble in the Bronx|1|1|0|0|0|1|0|0|0|0|0|0|0|0|0|0|0|0
25|Birdcage, The|0|0|0|0|1|0|0|0|0|0|0|0|0|0|0|0|0|0
26|Brothers McMullen, The|0|0|0|0|1|0|0|0|0|0|0|0|0|0|0|0|0|0
27|Bad Boys|1|0|0|0|0|0|0|0|0|0|0|0|0|0|0|0|0|0
28|Apollo 13|1|0|0|0|0|0|0|1|0|0|0|0|0|0|0|1|0|0
29|Batman Forever|1|1|0|0|1|1|0|0|0|0|0|0|0|0|0|0|0|0
30|Belle de jour|0|0|0|0|0|0|0|1|0|0|0|0|0|0|0|0|0|0
31|Crimson Tide|0|0|0|0|0|0|0|1|0|0|0|0|0|0|0|1|1|0
32|Crumb|0|0|0|0|0|0|1|0|0|0|0|0|0|0|0|0|0|0
33|Desperado|1|0|0|0|0|0|0|0|0|0|0|0|0|1|0|1|0|0
34|Doom Generation, The|0|0|0|0|1|0|0|1|0|0|0|0|0|0|0|0|0|0
35|Free Willy 2: The Adventure Home|0|1|0|1|0|0|0|1|0|0|0|0|0|0|0|0|0|0
36|Mad Love|0|0|0|0|0|0|0|1|0|0|0|0|0|1|0|0|0|0
37|Nadja|0|0|0|0|0|0|0|1|0|0|0|0|0|0|0|0|0|0
38|Net, The|0|0|0|0|0|0|0|0|0|0|0|0|0|0|1|1|0|0
39|Strange Days|1|0|0|0|0|1|0|0|0|0|0|0|0|0|1|0|0|0
40|To Wong Foo, Thanks for Everything! Julie Newmar|0|0|0|0|1|0|0|0|0|0|0|0|0|0|0|0|0|0
41|Billy Madison|0|0|0|0|1|0|0|0|0|0|0|0|0|0|0|0|0|0
42|Clerks|0|0|0|0|1|0|0|0|0|0|0|0|0|0|0|0|0|0
43|Disclosure|0|0|0|0|0|0|0|1|0|0|0|0|0|0|0|1|0|0
44|Dolores Claiborne|0|0|0|0|0|0|0|1|0|0|0|0|0|0|0|1|0|0
45|Eat Drink Man Woman|0|0|0|0|1|0|0|1|0|0|0|0|0|0|0|0|0|0
46|Exotica|0|0|0|0|0|0|0|1|0|0|0|0|0|0|0|0|0|0
47|Ed Wood|0|0|0|0|1|0|0|1|0|0|0|0|0|0|0|0|0|0
48|Hoop Dreams|0|0|0|0|0|0|1|0|0|0|0|0|0|0|0|0|0|0
49|I.Q.|0|0|0|0|1|0|0|0|0|0|0|0|0|1|0|0|0|0
50|Star Wars|1|1|0|0|0|0|0|0|0|0|0|0|0|1|1|0|1|0
51|Legends of the Fall|0|0|0|0|0|0|0|1|0|0|0|0|0|1|0|0|1|1
52|Madness of King George, The|0|0|0|0|0|0|0|1|0|0|0|0|0|0|0|0|0|0
53|Natural Born Killers|1|0|0|0|0|0|0|0|0|0|0|0|0|0|0|1|0|0
54|Outbreak|1|0|0|0|0|0|0|1|0|0|0|0|0|0|0|1|0|0
55|Professional, The|0|0|0|0|0|1|0|1|0|0|0|0|0|1|0|1|0|0
56|Pulp Fiction|0|0|0|0|0|1|0|1|0|0|0|0|0|0|0|0|0|0
57|Priest|0|0|0|0|0|0|0|1|0|0|0|0|0|0|0|0|0|0
58|Quiz Show|0|0|0|0|0|0|0|1|0|0|0|0|0|0|0|0|0|0
59|Three Colors: Red|0|0|0|0|0|0|0|1|0|0|0|0|0|0|0|0|0|0
60|Three Colors: Blue|0|0|0|0|0|0|0|1|0|0|0|0|0|0|0|0|0|0
61|Three Colors: White|0|0|0|0|0|0|0|1|0|0|0|0|0|0|0|0|0|0
62|Stargate|1|1|0|0|0|0|0|0|0|0|0|0|0|0|1|0|0|0
63|Santa Clause, The|0|0|0|1|1|0|0|0|0|0|0|0|0|0|0|0|0|0
64|Shawshank Redemption, The|0|0|0|0|0|0|0|1|0|0|0|0|0|0|0|0|0|0
65|What's Eating Gilbert Grape|0|0|0|0|1|0|0|1|0|0|0|0|0|0|0|0|0|0
66|While You Were Sleeping|0|0|0|0|1|0|0|0|0|0|0|0|0|1|0|0|0|0
67|Ace Ventura: Pet Detective|0|0|0|0|1|0|0|0|0|0|0|0|0|0|0|0|0|0
68|Crow, The|1|0|0|0|0|0|0|0|0|0|0|0|0|1|0|1|0|0
69|Forrest Gump|0|0|0|0|1|0|0|0|0|0|0|0|0|1|0|0|1|0
70|Four Weddings and a Funeral|0|0|0|0|1|0|0|0|0|0|0|0|0|1|0|0|0|0
71|Lion King, The|0|0|1|1|0|0|0|0|0|0|0|1|0|0|0|0|0|0
72|Mask, The|0|0|0|0|1|1|0|0|1|0|0|0|0|0|0|0|0|0
73|Maverick|1|0|0|0|1|0|0|0|0|0|0|0|0|0|0|0|0|1
74|Faster Pussycat! Kill! Kill!|1|0|0|0|1|0|0|1|0|0|0|0|0|0|0|0|0|0
75|Brother Minister: The Assassination of Malcolm X|0|0|0|0|0|0|1|0|0|0|0|0|0|0|0|0|0|0
76|Carlito's Way|0|0|0|0|0|1|0|1|0|0|0|0|0|0|0|0|0|0
77|Firm, The|0|0|0|0|0|0|0|1|0|0|0|0|0|0|0|1|0|0
78|Free Willy|0|1|0|1|0|0|0|1|0|0|0|0|0|0|0|0|0|0
79|Fugitive, The|1|0|0|0|0|0|0|0|0|0|0|0|0|0|0|1|0|0
80|Hot Shots! Part Deux|1|0|0|0|1|0|0|0|0|0|0|0|0|0|0|0|1|0
81|Hudsucker Proxy, The|0|0|0|0|1|0|0|0|0|0|0|0|0|1|0|0|0|0
82|Jurassic Park|1|1|0|0|0|0|0|0|0|0|0|0|0|0|1|0|0|0
83|Much Ado About Nothing|0|0|0|0|1|0|0|0|0|0|0|0|0|1|0|0|0|0
84|Robert A. Heinlein's The Puppet Masters|0|0|0|0|0|0|0|0|0|0|1|0|0|0|1|0|0|0
85|Ref, The|0|0|0|0|1|0|0|0|0|0|0|0|0|0|0|0|0|0
86|Remains of the Day, The|0|0|0|0|0|0|0|1|0|0|0|0|0|0|0|0|0|0
87|Searching for Bobby Fischer|0|0|0|0|0|0|0|1|0|0|0|0|0|0|0|0|0|0
88|Sleepless in Seattle|0|0|0|0|1|0|0|0|0|0|0|0|0|1|0|0|0|0
89|Blade Runner|0|0|0|0|0|0|0|0|0|1|0|0|0|0|1|0|0|0
90|So I Married an Axe Murderer|0|0|0|0|1|0|0|0|0|0|0|0|0|1|0|1|0|0
91|Nightmare Before Christmas, The|0|0|0|1|1|0|0|0|0|0|0|1|0|0|0|0|0|0
92|True Romance|1|0|0|0|0|1|0|0|0|0|0|0|0|1|0|0|0|0
93|Welcome to the Dollhouse|0|0|0|0|1|0|0|1|0|0|0|0|0|0|0|0|0|0
94|Home Alone|0|0|0|1|1|0|0|0|0|0|0|0|0|0|0|0|0|0
95|Aladdin|0|0|1|1|1|0|0|0|0|0|0|1|0|0|0|0|0|0
96|Terminator 2: Judgment Day|1|0|0|0|0|0|0|0|0|0|0|0|0|0|1|1|0|0
97|Dances with Wolves|0|1|0|0|0|0|0|1|0|0|0|0|0|0|0|0|0|1
98|Silence of the Lambs, The|0|0|0|0|0|0|0|1|0|0|0|0|0|0|0|1|0|0
99|Snow White and the Seven Dwarfs|0|0|1|1|0|0|0|0|0|0|0|1|0|0|0|0|0|0
100|Fargo|0|0|0|0|0|1|0|1|0|0|0|0|0|0|0|1|0|0
101|Heavy Metal|1|1|1|0|0|0|0|0|0|0|1|0|0|0|1|0|0|0
102|Aristocats, The|0|0|1|1|0|0|0|0|0|0|0|0|0|0|0|0|0|0
103|All Dogs Go to Heaven 2|0|0|1|1|0|0|0|0|0|0|0|1|0|0|0|0|0|0
104|Theodore Rex|0|0|0|0|1|0|0|0|0|0|0|0|0|0|0|0|0|0
105|Sgt. Bilko|0|0|0|0|1|0|0|0|0|0|0|0|0|0|0|0|0|0
106|Diabolique|0|0|0|0|0|0|0|1|0|0|0|0|0|0|0|1|0|0
107|Moll Flanders|0|0|0|0|0|0|0|1|0|0|0|0|0|0|0|0|0|0
108|Kids in the Hall: Brain Candy|0|0|0|0|1|0|0|0|0|0|0|0|0|0|0|0|0|0
109|Mystery Science Theater 3000: The Movie|0|0|0|0|1|0|0|0|0|0|0|0|0|0|1|0|0|0
110|Operation Dumbo Drop|1|1|0|0|1|0|0|0|0|0|0|0|0|0|0|0|1|0
111|Truth About Cats & Dogs, The|0|0|0|0|1|0|0|0|0|0|0|0|0|1|0|0|0|0
112|Flipper|0|1|0|1|0|0|0|0|0|0|0|0|0|0|0|0|0|0
113|Horseman on the Roof, The (Hussard sur le toit, Le)|0|0|0|0|0|0|0|1|0|0|0|0|0|0|0|0|0|0
114|Wallace & Gromit: The Best of Aardman Animation|0|0|1|0|0|0|0|0|0|0|0|0|0|0|0|0|0|0
115|Haunted World of Edward D. Wood Jr., The|0|0|0|0|0|0|1|0|0|0|0|0|0|0|0|0|0|0
116|Cold Comfort Farm|0|0|0|0|1|0|0|0|0|0|0|0|0|0|0|0|0|0
117|Rock, The|1|1|0|0|0|0|0|0|0|0|0|0|0|0|0|1|0|0
118|Twister|1|1|0|0|0|0|0|0|0|0|0|0|0|0|0|1|0|0
119|Maya Lin: A Strong Clear Vision|0|0|0|0|0|0|1|0|0|0|0|0|0|0|0|0|0|0
120|Striptease|0|0|0|0|1|1|0|0|0|0|0|0|0|0|0|0|0|0
121|Independence Day (ID4)|1|0|0|0|0|0|0|0|0|0|0|0|0|0|1|0|1|0
122|Cable Guy, The|0|0|0|0|1|0|0|0|0|0|0|0|0|0|0|0|0|0
123|Frighteners, The|0|0|0|0|1|0|0|0|0|0|1|0|0|0|0|0|0|0
124|Lone Star|0|0|0|0|0|0|0|1|0|0|0|0|1|0|0|0|0|0
125|Phenomenon|0|0|0|0|0|0|0|1|0|0|0|0|0|1|0|0|0|0
126|Spitfire Grill, The|0|0|0|0|0|0|0|1|0|0|0|0|0|0|0|0|0|0
127|Godfather, The|1|0|0|0|0|1|0|1|0|0|0|0|0|0|0|0|0|0
128|Supercop|1|0|0|0|0|0|0|0|0|0|0|0|0|0|0|1|0|0
129|Bound|0|0|0|0|0|1|0|1|0|0|0|0|0|1|0|1|0|0
130|Kansas City|0|0|0|0|0|1|0|0|0|0|0|0|0|0|0|0|0|0
131|Breakfast at Tiffany's|0|0|0|0|0|0|0|1|0|0|0|0|0|1|0|0|0|0
132|Wizard of Oz, The|0|1|0|1|0|0|0|1|0|0|0|1|0|0|0|0|0|0
133|Gone with the Wind|0|0|0|0|0|0|0|1|0|0|0|0|0|1|0|0|1|0
134|Citizen Kane|0|0|0|0|0|0|0|1|0|0|0|0|0|0|0|0|0|0
135|2001: A Space Odyssey|0|0|0|0|0|0|0|1|0|0|0|0|1|0|1|1|0|0
136|Mr. Smith Goes to Washington|0|0|0|0|0|0|0|1|0|0|0|0|0|0|0|0|0|0
137|Big Night|0|0|0|0|0|0|0|1|0|0|0|0|0|0|0|0|0|0
138|D3: The Mighty Ducks|0|0|0|1|1|0|0|0|0|0|0|0|0|0|0|0|0|0
139|Love Bug, The|0|0|0|1|1|0|0|0|0|0|0|0|0|0|0|0|0|0
140|Homeward Bound: The Incredible Journey|0|1|0|1|0|0|0|0|0|0|0|0|0|0|0|0|0|0
141|20,000 Leagues Under the Sea|0|1|0|1|0|0|0|0|1|0|0|0|0|0|1|0|0|0
142|Bedknobs and Broomsticks|0|1|0|1|0|0|0|0|0|0|0|1|0|0|0|0|0|0
143|Sound of Music, The|0|0|0|0|0|0|0|0|0|0|0|1|0|0|0|0|0|0
144|Die Hard|1|0|0|0|0|0|0|0|0|0|0|0|0|0|0|1|0|0
145|Lawnmower Man, The|1|0|0|0|0|0|0|0|0|0|0|0|0|0|1|1|0|0
146|Unhook the Stars|0|0|0|0|0|0|0|1|0|0|0|0|0|0|0|0|0|0
147|Long Kiss Goodnight, The|1|0|0|0|0|0|0|0|0|0|0|0|0|0|0|1|0|0
148|Ghost and the Darkness, The|1|1|0|0|0|0|0|0|0|0|0|0|0|0|0|0|0|0
149|Jude|0|0|0|0|0|0|0|1|0|0|0|0|0|0|0|0|0|0
150|Swingers|0|0|0|0|1|0|0|1|0|0|0|0|0|0|0|0|0|0
151|Willy Wonka and the Chocolate Factory|0|1|0|1|1|0|0|0|0|0|0|0|0|0|0|0|0|0
152|Sleeper|0|0|0|0|1|0|0|0|0|0|0|0|0|0|1|0|0|0
153|Fish Called Wanda, A|0|0|0|0|1|0|0|0|0|0|0|0|0|0|0|0|0|0
154|Monty Python's Life of Brian|0|0|0|0|1|0|0|0|0|0|0|0|0|0|0|0|0|0
155|Dirty Dancing|0|0|0|0|0|0|0|0|0|0|0|1|0|1|0|0|0|0
156|Reservoir Dogs|0|0|0|0|0|1|0|0|0|0|0|0|0|0|0|1|0|0
157|Platoon|0|0|0|0|0|0|0|1|0|0|0|0|0|0|0|0|1|0
158|Weekend at Bernie's|0|0|0|0|1|0|0|0|0|0|0|0|0|0|0|0|0|0
159|Basic Instinct|0|0|0|0|0|0|0|0|0|0|0|0|1|0|0|1|0|0
160|Glengarry Glen Ross|0|0|0|0|0|0|0|1|0|0|0|0|0|0|0|0|0|0
161|Top Gun|1|0|0|0|0|0|0|0|0|0|0|0|0|1|0|0|0|0
162|On Golden Pond|0|0|0|0|0|0|0|1|0|0|0|0|0|0|0|0|0|0
163|Return of the Pink Panther, The|0|0|0|0|1|0|0|0|0|0|0|0|0|0|0|0|0|0
164|Abyss, The|1|1|0|0|0|0|0|0|0|0|0|0|0|0|1|1|0|0
165|Jean de Florette|0|0|0|0|0|0|0|1|0|0|0|0|0|0|0|0|0|0
166|Manon of the Spring (Manon des sources)|0|0|0|0|0|0|0|1|0|0|0|0|0|0|0|0|0|0
167|Private Benjamin|0|0|0|0|1|0|0|0|0|0|0|0|0|0|0|0|0|0
168|Monty Python and the Holy Grail|0|0|0|0|1|0|0|0|0|0|0|0|0|0|0|0|0|0
169|Wrong Trousers, The|0|0|1|0|1|0|0|0|0|0|0|0|0|0|0|0|0|0
170|Cinema Paradiso|0|0|0|0|1|0|0|1|0|0|0|0|0|1|0|0|0|0
171|Delicatessen|0|0|0|0|1|0|0|0|0|0|0|0|0|0|1|0|0|0
172|Empire Strikes Back, The|1|1|0|0|0|0|0|1|0|0|0|0|0|1|1|0|1|0
173|Princess Bride, The|1|1|0|0|1|0|0|0|0|0|0|0|0|1|0|0|0|0
174|Raiders of the Lost Ark|1|1|0|0|0|0|0|0|0|0|0|0|0|0|0|0|0|0
175|Brazil|0|0|0|0|0|0|0|0|0|0|0|0|0|0|1|0|0|0
176|Aliens|1|0|0|0|0|0|0|0|0|0|0|0|0|0|1|1|1|0
177|Good, The Bad and The Ugly, The|1|0|0|0|0|0|0|0|0|0|0|0|0|0|0|0|0|1
178|12 Angry Men|0|0|0|0|0|0|0|1|0|0|0|0|0|0|0|0|0|0
179|Clockwork Orange, A|0|0|0|0|0|0|0|0|0|0|0|0|0|0|1|0|0|0
180|Apocalypse Now|0|0|0|0|0|0|0|1|0|0|0|0|0|0|0|0|1|0
181|Return of the Jedi|1|1|0|0|0|0|0|0|0|0|0|0|0|1|1|0|1|0
182|GoodFellas|0|0|0|0|0|1|0|1|0|0|0|0|0|0|0|0|0|0
183|Alien|1|0|0|0|0|0|0|0|0|0|1|0|0|0|1|1|0|0
184|Army of Darkness|1|1|0|0|1|0|0|0|0|0|1|0|0|0|1|0|0|0
185|Psycho|0|0|0|0|0|0|0|0|0|0|1|0|0|1|0|1|0|0
186|Blues Brothers, The|1|0|0|0|1|0|0|0|0|0|0|1|0|0|0|0|0|0
187|Godfather: Part II, The|1|0|0|0|0|1|0|1|0|0|0|0|0|0|0|0|0|0
188|Full Metal Jacket|1|0|0|0|0|0|0|1|0|0|0|0|0|0|0|0|1|0
189|Grand Day Out, A|0|0|1|0|1|0|0|0|0|0|0|0|0|0|0|0|0|0
190|Henry V|0|0|0|0|0|0|0|1|0|0|0|0|0|0|0|0|1|0
191|Amadeus|0|0|0|0|0|0|0|1|0|0|0|0|1|0|0|0|0|0
192|Raging Bull|0|0|0|0|0|0|0|1|0|0|0|0|0|0|0|0|0|0
193|Right Stuff, The|0|0|0|0|0|0|0|1|0|0|0|0|0|0|0|0|0|0
194|Sting, The|0|0|0|0|1|1|0|0|0|0|0|0|0|0|0|0|0|0
195|Terminator, The|1|0|0|0|0|0|0|0|0|0|0|0|0|0|1|1|0|0
196|Dead Poets Society|0|0|0|0|0|0|0|1|0|0|0|0|0|0|0|0|0|0
197|Graduate, The|0|0|0|0|0|0|0|1|0|0|0|0|0|1|0|0|0|0
198|Nikita (La Femme Nikita)|0|0|0|0|0|0|0|0|0|0|0|0|0|0|0|1|0|0
199|Bridge on the River Kwai, The|0|0|0|0|0|0|0|1|0|0|0|0|0|0|0|0|1|0
200|Shining, The|0|0|0|0|0|0|0|0|0|0|1|0|0|0|0|0|0|0
201|Evil Dead II|1|1|0|0|1|0|0|0|0|0|1|0|0|0|0|0|0|0
202|Groundhog Day|0|0|0|0|1|0|0|0|0|0|0|0|0|1|0|0|0|0
203|Unforgiven|0|0|0|0|0|0|0|0|0|0|0|0|0|0|0|0|0|1
204|Back to the Future|0|0|0|0|1|0|0|0|0|0|0|0|0|0|1|0|0|0
205|Patton|0|0|0|0|0|0|0|1|0|0|0|0|0|0|0|0|1|0
206|Akira|0|1|1|0|0|0|0|0|0|0|0|0|0|0|1|1|0|0
207|Cyrano de Bergerac|1|0|0|0|0|0|0|1|0|0|0|0|0|1|0|0|0|0
208|Young Frankenstein|0|0|0|0|1|0|0|0|0|0|1|0|0|0|0|0|0|0
209|This Is Spinal Tap|0|0|0|0|1|0|0|1|0|0|0|1|0|0|0|0|0|0
210|Indiana Jones and the Last Crusade|1|1|0|0|0|0|0|0|0|0|0|0|0|0|0|0|0|0
211|M*A*S*H|0|0|0|0|1|0|0|0|0|0|0|0|0|0|0|0|1|0
212|Unbearable Lightness of Being, The|0|0|0|0|0|0|0|1|0|0|0|0|0|0|0|0|0|0
213|Room with a View, A|0|0|0|0|0|0|0|1|0|0|0|0|0|1|0|0|0|0
214|Pink Floyd - The Wall|0|0|0|0|0|0|0|1|0|0|0|1|0|0|0|0|1|0
215|Field of Dreams|0|0|0|0|0|0|0|1|0|0|0|0|0|0|0|0|0|0
216|When Harry Met Sally...|0|0|0|0|1|0|0|0|0|0|0|0|0|1|0|0|0|0
217|Bram Stoker's Dracula|0|0|0|0|0|0|0|0|0|0|1|0|0|1|0|0|0|0
218|Cape Fear|0|0|0|0|0|0|0|0|0|0|0|0|0|0|0|1|0|0
219|Nightmare on Elm Street, A|0|0|0|0|0|0|0|0|0|0|1|0|0|0|0|0|0|0
220|Mirror Has Two Faces, The|0|0|0|0|1|0|0|0|0|0|0|0|0|1|0|0|0|0
221|Breaking the Waves|0|0|0|0|0|0|0|1|0|0|0|0|0|0|0|0|0|0
222|Star Trek: First Contact|1|1|0|0|0|0|0|0|0|0|0|0|0|0|1|0|0|0
223|Sling Blade|0|0|0|0|0|0|0|1|0|0|0|0|0|0|0|1|0|0
224|Ridicule|0|0|0|0|0|0|0|1|0|0|0|0|0|0|0|0|0|0
225|101 Dalmatians|0|0|0|1|1|0|0|0|0|0|0|0|0|0|0|0|0|0
226|Die Hard 2|1|0|0|0|0|0|0|0|0|0|0|0|0|0|0|1|0|0
227|Star Trek VI: The Undiscovered Country|1|1|0|0|0|0|0|0|0|0|0|0|0|0|1|0|0|0
228|Star Trek: The Wrath of Khan|1|1|0|0|0|0|0|0|0|0|0|0|0|0|1|0|0|0
229|Star Trek III: The Search for Spock|1|1|0|0|0|0|0|0|0|0|0|0|0|0|1|0|0|0
230|Star Trek IV: The Voyage Home|1|1|0|0|0|0|0|0|0|0|0|0|0|0|1|0|0|0
231|Batman Returns|1|1|0|0|1|1|0|0|0|0|0|0|0|0|0|0|0|0
232|Young Guns|1|0|0|0|1|0|0|0|0|0|0|0|0|0|0|0|0|1
233|Under Siege|1|0|0|0|0|0|0|0|0|0|0|0|0|0|0|0|0|0
234|Jaws|1|0|0|0|0|0|0|0|0|0|1|0|0|0|0|0|0|0
235|Mars Attacks!|1|0|0|0|1|0|0|0|0|0|0|0|0|0|1|0|1|0
236|Citizen Ruth|0|0|0|0|1|0|0|1|0|0|0|0|0|0|0|0|0|0
237|Jerry Maguire|0|0|0|0|0|0|0|1|0|0|0|0|0|1|0|0|0|0
238|Raising Arizona|0|0|0|0|1|0|0|0|0|0|0|0|0|0|0|0|0|0
239|Sneakers|0|0|0|0|0|1|0|1|0|0|0|0|0|0|1|0|0|0
240|Beavis and Butt-head Do America|0|0|1|0|1|0|0|0|0|0|0|0|0|0|0|0|0|0
241|Last of the Mohicans, The|1|0|0|0|0|0|0|0|0|0|0|0|0|1|0|0|1|0
242|Kolya|0|0|0|0|1|0|0|0|0|0|0|0|0|0|0|0|0|0
243|Jungle2Jungle|0|0|0|1|1|0|0|0|0|0|0|0|0|0|0|0|0|0
244|Smilla's Sense of Snow|1|0|0|0|0|0|0|1|0|0|0|0|0|0|0|1|0|0
245|Devil's Own, The|1|0|0|0|0|0|0|1|0|0|0|0|0|0|0|1|1|0
246|Chasing Amy|0|0|0|0|0|0|0|1|0|0|0|0|0|1|0|0|0|0
247|Turbo: A Power Rangers Movie|1|1|0|1|0|0|0|0|0|0|0|0|0|0|0|0|0|0
248|Grosse Pointe Blank|0|0|0|0|1|1|0|0|0|0|0|0|0|0|0|0|0|0
249|Austin Powers: International Man of Mystery|0|0|0|0|1|0|0|0|0|0|0|0|0|0|0|0|0|0
250|Fifth Element, The|1|0|0|0|0|0|0|0|0|0|0|0|0|0|1|0|0|0
251|Shall We Dance?|0|0|0|0|1|0|0|0|0|0|0|0|0|0|0|0|0|0
252|Lost World: Jurassic Park, The|1|1|0|0|0|0|0|0|0|0|0|0|0|0|1|1|0|0
253|Pillow Book, The|0|0|0|0|0|0|0|1|0|0|0|0|0|1|0|0|0|0
254|Batman & Robin|1|1|0|0|0|1|0|0|0|0|0|0|0|0|0|0|0|0
255|My Best Friend's Wedding|0|0|0|0|1|0|0|0|0|0|0|0|0|1|0|0|0|0
256|When the Cats Away|0|0|0|0|0|0|0|0|0|0|0|0|0|0|0|0|0|0
268|Chasing Amy|0|0|0|0|0|0|0|1|0|0|0|0|0|1|0|0|0|0
269|Full Monty, The|0|0|0|0|1|0|0|0|0|0|0|0|0|0|0|0|0|0
270|Gattaca|0|0|0|0|0|0|0|1|0|0|0|0|0|0|1|1|0|0
271|Starship Troopers|1|1|0|0|0|0|0|0|0|0|0|0|0|0|1|0|1|0
272|Good Will Hunting|0|0|0|0|0|0|0|1|0|0|0|0|0|0|0|0|0|0
273|Heat|1|0|0|0|0|1|0|0|0|0|0|0|0|0|0|1|0|0
274|Sabrina|0|0|0|0|1|0|0|0|0|0|0|0|0|1|0|0|0|0
275|Sense and Sensibility|0|0|0|0|0|0|0|1|0|0|0|0|0|1|0|0|0|0
276|Leaving Las Vegas|0|0|0|0|0|0|0|1|0|0|0|0|0|1|0|0|0|0
277|Restoration|0|0|0|0|0|0|0|1|0|0|0|0|0|0|0|0|0|0
278|Bed of Roses|0|0|0|0|0|0|0|1|0|0|0|0|0|1|0|0|0|0
279|Once Upon a Time... When We Were Colored|0|0|0|0|0|0|0|1|0|0|0|0|0|0|0|0|0|0
280|Up Close and Personal|0|0|0|0|0|0|0|1|0|0|0|0|0|1|0|0|0|0
281|River Wild, The|1|0|0|0|0|0|0|0|0|0|0|0|0|0|0|1|0|0
282|Time to Kill, A|0|0|0|0|0|0|0|1|0|0|0|0|0|0|0|0|0|0
283|Emma|0|0|0|0|0|0|0|1|0|0|0|0|0|1|0|0|0|0
284|Tin Cup|0|0|0|0|1|0|0|0|0|0|0|0|0|1|0|0|0|0
285|Secrets & Lies|0|0|0|0|0|0|0|1|0|0|0|0|0|0|0|0|0|0
286|English Patient, The|0|0|0|0|0|0|0|1|0|0|0|0|0|1|0|0|1|0
287|Marvin's Room|0|0|0|0|0|0|0|1|0|0|0|0|0|0|0|0|0|0
288|Scream|0|0|0|0|0|0|0|0|0|0|1|0|0|0|0|1|0|0
289|Evita|0|0|0|0|0|0|0|1|0|0|0|1|0|0|0|0|0|0
290|Fierce Creatures|0|0|0|0|1|0|0|0|0|0|0|0|0|0|0|0|0|0
291|Absolute Power|0|0|0|0|0|0|0|0|0|0|0|0|1|0|0|1|0|0
292|Rosewood|0|0|0|0|0|0|0|1|0|0|0|0|0|0|0|0|0|0
293|Donnie Brasco|0|0|0|0|0|1|0|1|0|0|0|0|0|0|0|0|0|0
294|Liar Liar|0|0|0|0|1|0|0|0|0|0|0|0|0|0|0|0|0|0
295|Breakdown|1|0|0|0|0|0|0|0|0|0|0|0|0|0|0|1|0|0
296|Promesse, La|0|0|0|0|0|0|0|1|0|0|0|0|0|0|0|0|0|0
297|Ulee's Gold|0|0|0|0|0|0|0|1|0|0|0|0|0|0|0|0|0|0
298|Face/Off|1|0|0|0|0|0|0|0|0|0|0|0|0|0|1|1|0|0
299|Hoodlum|0|0|0|0|0|1|0|1|0|1|0|0|0|0|0|0|0|0
300|Air Force One|1|0|0|0|0|0|0|0|0|0|0|0|0|0|0|1|0|0
301|In & Out|0|0|0|0|1|0|0|0|0|0|0|0|0|0|0|0|0|0
302|L.A. Confidential|0|0|0|0|0|1|0|0|0|1|0|0|1|0|0|1|0|0
303|Ulee's Gold|0|0|0|0|0|0|0|1|0|0|0|0|0|0|0|0|0|0
304|Fly Away Home|0|1|0|1|0|0|0|0|0|0|0|0|0|0|0|0|0|0
305|Ice Storm, The|0|0|0|0|0|0|0|1|0|0|0|0|0|0|0|0|0|0
306|Mrs. Brown (Her Majesty, Mrs. Brown)|0|0|0|0|0|0|0|1|0|0|0|0|0|1|0|0|0|0
307|Devil's Advocate, The|0|0|0|0|0|1|0|0|0|0|1|0|1|0|0|1|0|0
308|FairyTale: A True Story|0|0|0|1|0|0|0|1|1|0|0|0|0|0|0|0|0|0
309|Deceiver|0|0|0|0|0|1|0|0|0|0|0|0|0|0|0|0|0|0
310|Rainmaker, The|0|0|0|0|0|0|0|1|0|0|0|0|0|0|0|0|0|0
311|Wings of the Dove, The|0|0|0|0|0|0|0|1|0|0|0|0|0|1|0|1|0|0
312|Midnight in the Garden of Good and Evil|0|0|0|0|1|1|0|1|0|0|0|0|1|0|0|0|0|0
313|Titanic|1|0|0|0|0|0|0|1|0|0|0|0|0|1|0|0|0|0
314|3 Ninjas: High Noon At Mega Mountain|1|0|0|1|0|0|0|0|0|0|0|0|0|0|0|0|0|0
315|Apt Pupil|0|0|0|0|0|0|0|1|0|0|0|0|0|0|0|1|0|0
316|As Good As It Gets|0|0|0|0|1|0|0|1|0|0|0|0|0|0|0|0|0|0
317|In the Name of the Father|0|0|0|0|0|0|0|1|0|0|0|0|0|0|0|0|0|0
318|Schindler's List|0|0|0|0|0|0|0|1|0|0|0|0|0|0|0|0|1|0
319|Everyone Says I Love You|0|0|0|0|1|0|0|0|0|0|0|1|0|1|0|0|0|0
320|Paradise Lost: The Child Murders at Robin Hood Hills|0|0|0|0|0|0|1|0|0|0|0|0|0|0|0|0|0|0
321|Mother|0|0|0|0|1|0|0|0|0|0|0|0|0|0|0|0|0|0
322|Murder at 1600|0|0|0|0|0|0|0|0|0|0|0|0|1|0|0|1|0|0
323|Dante's Peak|1|0|0|0|0|0|0|0|0|0|0|0|0|0|0|1|0|0
324|Lost Highway|0|0|0|0|0|0|0|0|0|0|0|0|1|0|0|0|0|0
325|Crash|0|0|0|0|0|0|0|1|0|0|0|0|0|0|0|1|0|0
326|G.I. Jane|1|0|0|0|0|0|0|1|0|0|0|0|0|0|0|0|1|0
327|Cop Land|0|0|0|0|0|1|0|1|0|0|0|0|1|0|0|0|0|0
328|Conspiracy Theory|1|0|0|0|0|0|0|0|0|0|0|0|1|1|0|1|0|0
329|Desperate Measures|0|0|0|0|0|1|0|1|0|0|0|0|0|0|0|1|0|0
330|187|0|0|0|0|0|0|0|1|0|0|0|0|0|0|0|0|0|0
331|Edge, The|0|1|0|0|0|0|0|0|0|0|0|0|0|0|0|1|0|0
332|Kiss the Girls|0|0|0|0|0|1|0|1|0|0|0|0|0|0|0|1|0|0
333|Game, The|0|0|0|0|0|0|0|0|0|0|0|0|1|0|0|1|0|0
334|U Turn|1|0|0|0|0|1|0|0|0|0|0|0|1|0|0|0|0|0
335|How to Be a Player|0|0|0|0|1|0|0|0|0|0|0|0|0|0|0|0|0|0
336|Playing God|0|0|0|0|0|1|0|0|0|0|0|0|0|0|0|1|0|0
337|House of Yes, The|0|0|0|0|1|0|0|1|0|0|0|0|0|0|0|1|0|0
338|Bean|0|0|0|0|1|0|0|0|0|0|0|0|0|0|0|0|0|0
339|Mad City|1|0|0|0|0|0|0|1|0|0|0|0|0|0|0|0|0|0
340|Boogie Nights|0|0|0|0|0|0|0|1|0|0|0|0|0|0|0|0|0|0
341|Critical Care|0|0|0|0|1|0|0|0|0|0|0|0|0|0|0|0|0|0
342|Man Who Knew Too Little, The|0|0|0|0|1|0|0|0|0|0|0|0|1|0|0|0|0|0
343|Alien: Resurrection|1|0|0|0|0|0|0|0|0|0|1|0|0|0|1|0|0|0
344|Apostle, The|0|0|0|0|0|0|0|1|0|0|0|0|0|0|0|0|0|0
345|Deconstructing Harry|0|0|0|0|1|0|0|1|0|0|0|0|0|0|0|0|0|0
346|Jackie Brown|0|0|0|0|0|1|0|1|0|0|0|0|0|0|0|0|0|0
347|Wag the Dog|0|0|0|0|1|0|0|1|0|0|0|0|0|0|0|0|0|0
348|Desperate Measures|0|0|0|0|0|1|0|1|0|0|0|0|0|0|0|1|0|0
349|Hard Rain|1|0|0|0|0|0|0|0|0|0|0|0|0|0|0|1|0|0
350|Fallen|1|0|0|0|0|0|0|0|0|0|0|0|1|0|0|1|0|0
351|Prophecy II, The|0|0|0|0|0|0|0|0|0|0|1|0|0|0|0|0|0|0
352|Spice World|0|0|0|0|1|0|0|0|0|0|0|1|0|0|0|0|0|0
353|Deep Rising|1|0|0|0|0|0|0|0|0|0|1|0|0|0|1|0|0|0
354|Wedding Singer, The|0|0|0|0|1|0|0|0|0|0|0|0|0|1|0|0|0|0
355|Sphere|0|1|0|0|0|0|0|0|0|0|0|0|0|0|1|1|0|0
356|Client, The|0|0|0|0|0|0|0|1|0|0|0|0|1|0|0|1|0|0
357|One Flew Over the Cuckoo's Nest|0|0|0|0|0|0|0|1|0|0|0|0|0|0|0|0|0|0
358|Spawn|1|1|0|0|0|0|0|0|0|0|0|0|0|0|1|1|0|0
359|Assignment, The|0|0|0|0|0|0|0|0|0|0|0|0|0|0|0|1|0|0
360|Wonderland|0|0|0|0|0|0|1|0|0|0|0|0|0|0|0|0|0|0
361|Incognito|0|0|0|0|0|1|0|0|0|0|0|0|0|0|0|1|0|0
362|Blues Brothers 2000|1|0|0|0|1|0|0|0|0|0|0|1|0|0|0|0|0|0
363|Sudden Death|1|0|0|0|0|0|0|0|0|0|0|0|0|0|0|0|0|0
364|Ace Ventura: When Nature Calls|0|0|0|0|1|0|0|0|0|0|0|0|0|0|0|0|0|0
365|Powder|0|0|0|0|0|0|0|1|0|0|0|0|0|0|0|0|0|0
366|Dangerous Minds|0|0|0|0|0|0|0|1|0|0|0|0|0|0|0|0|0|0
367|Clueless|0|0|0|0|1|0|0|0|0|0|0|0|0|0|0|0|0|0
368|Bio-Dome|0|0|0|0|1|0|0|0|0|0|0|0|0|0|0|0|0|0
369|Black Sheep|0|0|0|0|1|0|0|0|0|0|0|0|0|0|0|0|0|0
370|Mary Reilly|0|0|0|0|0|0|0|1|0|0|0|0|0|0|0|1|0|0
371|Bridges of Madison County, The|0|0|0|0|0|0|0|1|0|0|0|0|0|1|0|0|0|0
372|Jeffrey|0|0|0|0|1|0|0|0|0|0|0|0|0|0|0|0|0|0
373|Judge Dredd|1|1|0|0|0|0|0|0|0|0|0|0|0|0|1|0|0|0
374|Mighty Morphin Power Rangers: The Movie|1|0|0|1|0|0|0|0|0|0|0|0|0|0|0|0|0|0
375|Showgirls|0|0|0|0|0|0|0|1|0|0|0|0|0|0|0|0|0|0
376|Houseguest|0|0|0|0|1|0|0|0|0|0|0|0|0|0|0|0|0|0
377|Heavyweights|0|0|0|1|1|0|0|0|0|0|0|0|0|0|0|0|0|0
378|Miracle on 34th Street|0|0|0|0|0|0|0|1|0|0|0|0|0|0|0|0|0|0
379|Tales From the Crypt Presents: Demon Knight|0|0|0|0|0|0|0|0|0|0|1|0|0|0|0|0|0|0
380|Star Trek: Generations|1|1|0|0|0|0|0|0|0|0|0|0|0|0|1|0|0|0
381|Muriel's Wedding|0|0|0|0|1|0|0|0|0|0|0|0|0|1|0|0|0|0
382|Adventures of Priscilla, Queen of the Desert, The|0|0|0|0|1|0|0|1|0|0|0|0|0|0|0|0|0|0
383|Flintstones, The|0|0|0|1|1|0|0|0|0|0|0|0|0|0|0|0|0|0
384|Naked Gun 33 1/3: The Final Insult|0|0|0|0|1|0|0|0|0|0|0|0|0|0|0|0|0|0
385|True Lies|1|1|0|0|1|0|0|0|0|0|0|0|0|1|0|0|0|0
386|Addams Family Values|0|0|0|0|1|0|0|0|0|0|0|0|0|0|0|0|0|0
387|Age of Innocence, The|0|0|0|0|0|0|0|1|0|0|0|0|0|0|0|0|0|0
388|Beverly Hills Cop III|1|0|0|0|1|0|0|0|0|0|0|0|0|0|0|0|0|0
389|Black Beauty|0|1|0|1|0|0|0|0|0|0|0|0|0|0|0|0|0|0
390|Fear of a Black Hat|0|0|0|0|1|0|0|0|0|0|0|0|0|0|0|0|0|0
391|Last Action Hero|1|0|0|0|1|0|0|0|0|0|0|0|0|0|0|0|0|0
392|Man Without a Face, The|0|0|0|0|0|0|0|1|0|0|0|0|0|0|0|0|0|0
393|Mrs. Doubtfire|0|0|0|0|1|0|0|0|0|0|0|0|0|0|0|0|0|0
394|Radioland Murders|0|0|0|0|1|0|0|0|0|0|0|0|1|1|0|0|0|0
395|Robin Hood: Men in Tights|0|0|0|0|1|0|0|0|0|0|0|0|0|0|0|0|0|0
396|Serial Mom|0|0|0|0|1|1|0|0|0|0|1|0|0|0|0|0|0|0
397|Striking Distance|1|0|0|0|0|0|0|0|0|0|0|0|0|0|0|0|0|0
398|Super Mario Bros.|1|1|0|1|0|0|0|0|0|0|0|0|0|0|1|0|0|0
399|Three Musketeers, The|1|1|0|0|1|0|0|0|0|0|0|0|0|0|0|0|0|0
400|Little Rascals, The|0|0|0|1|1|0|0|0|0|0|0|0|0|0|0|0|0|0
401|Brady Bunch Movie, The|0|0|0|0|1|0|0|0|0|0|0|0|0|0|0|0|0|0
402|Ghost|0|0|0|0|1|0|0|0|0|0|0|0|0|1|0|1|0|0
403|Batman|1|1|0|0|0|1|0|1|0|0|0|0|0|0|0|0|0|0
404|Pinocchio|0|0|1|1|0|0|0|0|0|0|0|0|0|0|0|0|0|0
405|Mission: Impossible|1|1|0|0|0|0|0|0|0|0|0|0|1|0|0|0|0|0
406|Thinner|0|0|0|0|0|0|0|0|0|0|1|0|0|0|0|1|0|0
407|Spy Hard|0|0|0|0|1|0|0|0|0|0|0|0|0|0|0|0|0|0
408|Close Shave, A|0|0|1|0|1|0|0|0|0|0|0|0|0|0|0|1|0|0
409|Jack|0|0|0|0|1|0|0|1|0|0|0|0|0|0|0|0|0|0
410|Kingpin|0|0|0|0|1|0|0|0|0|0|0|0|0|0|0|0|0|0
411|Nutty Professor, The|0|0|0|0|1|0|0|0|1|0|0|0|0|1|1|0|0|0
412|Very Brady Sequel, A|0|0|0|0|1|0|0|0|0|0|0|0|0|0|0|0|0|0
413|Tales from the Crypt Presents: Bordello of Blood|0|0|0|0|0|0|0|0|0|0|1|0|0|0|0|0|0|0
414|My Favorite Year|0|0|0|0|1|0|0|0|0|0|0|0|0|0|0|0|0|0
415|Apple Dumpling Gang, The|0|0|0|1|1|0|0|0|0|0|0|0|0|0|0|0|0|1
416|Old Yeller|0|0|0|1|0|0|0|1|0|0|0|0|0|0|0|0|0|0
417|Parent Trap, The|0|0|0|1|0|0|0|1|0|0|0|0|0|0|0|0|0|0
418|Cinderella|0|0|1|1|0|0|0|0|0|0|0|1|0|0|0|0|0|0
419|Mary Poppins|0|0|0|1|1|0|0|0|0|0|0|1|0|0|0|0|0|0
420|Alice in Wonderland|0|0|1|1|0|0|0|0|0|0|0|1|0|0|0|0|0|0
421|William Shakespeare's Romeo and Juliet|0|0|0|0|0|0|0|1|0|0|0|0|0|1|0|0|0|0
422|Aladdin and the King of Thieves|0|0|1|1|1|0|0|0|0|0|0|0|0|0|0|0|0|0
423|E.T. the Extra-Terrestrial|0|0|0|1|0|0|0|1|1|0|0|0|0|0|1|0|0|0
424|Children of the Corn: The Gathering|0|0|0|0|0|0|0|0|0|0|1|0|0|0|0|0|0|0
425|Bob Roberts|0|0|0|0|1|0|0|0|0|0|0|0|0|0|0|0|0|0
426|Transformers: The Movie, The|1|0|1|1|0|0|0|0|0|0|0|0|0|0|1|1|1|0
427|To Kill a Mockingbird|0|0|0|0|0|0|0|1|0|0|0|0|0|0|0|0|0|0
428|Harold and Maude|0|0|0|0|1|0|0|0|0|0|0|0|0|0|0|0|0|0
429|Day the Earth Stood Still, The|0|0|0|0|0|0|0|1|0|0|0|0|0|0|1|0|0|0
430|Duck Soup|0|0|0|0|1|0|0|0|0|0|0|0|0|0|0|0|1|0
431|Highlander|1|1|0|0|0|0|0|0|0|0|0|0|0|0|0|0|0|0
432|Fantasia|0|0|1|1|0|0|0|0|0|0|0|1|0|0|0|0|0|0
433|Heathers|0|0|0|0|1|0|0|0|0|0|0|0|0|0|0|0|0|0
434|Forbidden Planet|0|0|0|0|0|0|0|0|0|0|0|0|0|0|1|0|0|0
435|Butch Cassidy and the Sundance Kid|1|0|0|0|1|0|0|0|0|0|0|0|0|0|0|0|0|1
436|American Werewolf in London, An|0|0|0|0|0|0|0|0|0|0|1|0|0|0|0|0|0|0
437|Amityville 1992: It's About Time|0|0|0|0|0|0|0|0|0|0|1|0|0|0|0|0|0|0
438|Amityville 3-D|0|0|0|0|0|0|0|0|0|0|1|0|0|0|0|0|0|0
439|Amityville: A New Generation|0|0|0|0|0|0|0|0|0|0|1|0|0|0|0|0|0|0
440|Amityville II: The Possession|0|0|0|0|0|0|0|0|0|0|1|0|0|0|0|0|0|0
441|Amityville Horror, The|0|0|0|0|0|0|0|0|0|0|1|0|0|0|0|0|0|0
442|Amityville Curse, The|0|0|0|0|0|0|0|0|0|0|1|0|0|0|0|0|0|0
443|Birds, The|0|0|0|0|0|0|0|0|0|0|1|0|0|0|0|0|0|0
444|Blob, The|0|0|0|0|0|0|0|0|0|0|1|0|0|0|1|0|0|0
445|Body Snatcher, The|0|0|0|0|0|0|0|0|0|0|1|0|0|0|0|0|0|0
446|Burnt Offerings|0|0|0|0|0|0|0|0|0|0|1|0|0|0|0|0|0|0
447|Carrie|0|0|0|0|0|0|0|0|0|0|1|0|0|0|0|0|0|0
448|Omen, The|0|0|0|0|0|0|0|0|0|0|1|0|0|0|0|0|0|0
449|Star Trek: The Motion Picture|1|1|0|0|0|0|0|0|0|0|0|0|0|0|1|0|0|0
450|Star Trek V: The Final Frontier|1|1|0|0|0|0|0|0|0|0|0|0|0|0|1|0|0|0
451|Grease|0|0|0|0|1|0|0|0|0|0|0|1|0|1|0|0|0|0
452|Jaws 2|1|0|0|0|0|0|0|0|0|0|1|0|0|0|0|0|0|0
453|Jaws 3-D|1|0|0|0|0|0|0|0|0|0|1|0|0|0|0|0|0|0
454|Bastard Out of Carolina|0|0|0|0|0|0|0|1|0|0|0|0|0|0|0|0|0|0
455|Jackie Chan's First Strike|1|0|0|0|0|0|0|0|0|0|0|0|0|0|0|0|0|0
456|Beverly Hills Ninja|1|0|0|0|1|0|0|0|0|0|0|0|0|0|0|0|0|0
457|Free Willy 3: The Rescue|0|1|0|1|0|0|0|1|0|0|0|0|0|0|0|0|0|0
458|Nixon|0|0|0|0|0|0|0|1|0|0|0|0|0|0|0|0|0|0
459|Cry, the Beloved Country|0|0|0|0|0|0|0|1|0|0|0|0|0|0|0|0|0|0
460|Crossing Guard, The|0|0|0|0|0|0|0|1|0|0|0|0|0|0|0|0|0|0
461|Smoke|0|0|0|0|0|0|0|1|0|0|0|0|0|0|0|0|0|0
462|Like Water For Chocolate (Como agua para chocolate)|0|0|0|0|0|0|0|1|0|0|0|0|0|1|0|0|0|0
463|Secret of Roan Inish, The|0|1|0|0|0|0|0|0|0|0|0|0|0|0|0|0|0|0
464|Vanya on 42nd Street|0|0|0|0|0|0|0|1|0|0|0|0|0|0|0|0|0|0
465|Jungle Book, The|0|1|0|1|0|0|0|0|0|0|0|0|0|1|0|0|0|0
466|Red Rock West|0|0|0|0|0|0|0|0|0|0|0|0|0|0|0|1|0|0
467|Bronx Tale, A|0|0|0|0|0|0|0|1|0|0|0|0|0|0|0|0|0|0
468|Rudy|0|0|0|0|0|0|0|1|0|0|0|0|0|0|0|0|0|0
469|Short Cuts|0|0|0|0|0|0|0|1|0|0|0|0|0|0|0|0|0|0
470|Tombstone|0|0|0|0|0|0|0|0|0|0|0|0|0|0|0|0|0|1
471|Courage Under Fire|0|0|0|0|0|0|0|1|0|0|0|0|0|0|0|0|1|0
472|Dragonheart|1|1|0|0|0|0|0|0|1|0|0|0|0|0|0|0|0|0
473|James and the Giant Peach|0|0|1|1|0|0|0|0|0|0|0|1|0|0|0|0|0|0
474|Dr. Strangelove or: How I Learned to Stop Worrying and Love the Bomb|0|0|0|0|0|0|0|0|0|0|0|0|0|0|1|0|1|0
475|Trainspotting|0|0|0|0|0|0|0|1|0|0|0|0|0|0|0|0|0|0
476|First Wives Club, The|0|0|0|0|1|0|0|0|0|0|0|0|0|0|0|0|0|0
477|Matilda|0|0|0|1|1|0|0|0|0|0|0|0|0|0|0|0|0|0
478|Philadelphia Story, The|0|0|0|0|1|0|0|0|0|0|0|0|0|1|0|0|0|0
479|Vertigo|0|0|0|0|0|0|0|0|0|0|0|0|1|0|0|1|0|0
480|North by Northwest|0|0|0|0|1|0|0|0|0|0|0|0|0|0|0|1|0|0
481|Apartment, The|0|0|0|0|1|0|0|1|0|0|0|0|0|0|0|0|0|0
482|Some Like It Hot|0|0|0|0|1|1|0|0|0|0|0|0|0|0|0|0|0|0
483|Casablanca|0|0|0|0|0|0|0|1|0|0|0|0|0|1|0|0|1|0
484|Maltese Falcon, The|0|0|0|0|0|0|0|0|0|1|0|0|1|0|0|0|0|0
485|My Fair Lady|0|0|0|0|0|0|0|0|0|0|0|1|0|1|0|0|0|0
486|Sabrina|0|0|0|0|1|0|0|0|0|0|0|0|0|1|0|0|0|0
487|Roman Holiday|0|0|0|0|1|0|0|0|0|0|0|0|0|1|0|0|0|0
488|Sunset Blvd.|0|0|0|0|0|0|0|0|0|1|0|0|0|0|0|0|0|0
489|Notorious|0|0|0|0|0|0|0|0|0|1|0|0|0|1|0|1|0|0
490|To Catch a Thief|0|0|0|0|1|0|0|0|0|0|0|0|0|1|0|1|0|0
491|Adventures of Robin Hood, The|1|1|0|0|0|0|0|0|0|0|0|0|0|0|0|0|0|0
492|East of Eden|0|0|0|0|0|0|0|1|0|0|0|0|0|0|0|0|0|0
493|Thin Man, The|0|0|0|0|0|0|0|0|0|0|0|0|1|0|0|0|0|0
494|His Girl Friday|0|0|0|0|1|0|0|0|0|0|0|0|0|0|0|0|0|0
495|Around the World in 80 Days|0|1|0|0|1|0|0|0|0|0|0|0|0|0|0|0|0|0
496|It's a Wonderful Life|0|0|0|0|0|0|0|1|0|0|0|0|0|0|0|0|0|0
497|Bringing Up Baby|0|0|0|0|1|0|0|0|0|0|0|0|0|0|0|0|0|0
498|African Queen, The|1|1|0|0|0|0|0|0|0|0|0|0|0|1|0|0|1|0
499|Cat on a Hot Tin Roof|0|0|0|0|0|0|0|1|0|0|0|0|0|0|0|0|0|0
500|Fly Away Home|0|1|0|1|0|0|0|0|0|0|0|0|0|0|0|0|0|0
501|Dumbo|0|0|1|1|0|0|0|0|0|0|0|1|0|0|0|0|0|0
502|Bananas|0|0|0|0|1|0|0|0|0|0|0|0|0|0|0|0|1|0
503|Candidate, The|0|0|0|0|0|0|0|1|0|0|0|0|0|0|0|0|0|0
504|Bonnie and Clyde|0|0|0|0|0|1|0|1|0|0|0|0|0|0|0|0|0|0
505|Dial M for Murder|0|0|0|0|0|0|0|0|0|0|0|0|1|0|0|1|0|0
506|Rebel Without a Cause|0|0|0|0|0|0|0|1|0|0|0|0|0|0|0|0|0|0
507|Streetcar Named Desire, A|0|0|0|0|0|0|0|1|0|0|0|0|0|0|0|0|0|0
508|People vs. Larry Flynt, The|0|0|0|0|0|0|0|1|0|0|0|0|0|0|0|0|0|0
509|My Left Foot|0|0|0|0|0|0|0|1|0|0|0|0|0|0|0|0|0|0
510|Magnificent Seven, The|1|0|0|0|0|0|0|1|0|0|0|0|0|0|0|0|0|1
511|Lawrence of Arabia|0|1|0|0|0|0|0|0|0|0|0|0|0|0|0|0|1|0
512|Wings of Desire|0|0|0|0|1|0|0|1|0|0|0|0|0|1|0|0|0|0
513|Third Man, The|0|0|0|0|0|0|0|0|0|0|0|0|1|0|0|1|0|0
514|Annie Hall|0|0|0|0|1|0|0|0|0|0|0|0|0|1|0|0|0|0
515|Boot, Das|1|0|0|0|0|0|0|1|0|0|0|0|0|0|0|0|1|0
516|Local Hero|0|0|0|0|1|0|0|0|0|0|0|0|0|0|0|0|0|0
517|Manhattan|0|0|0|0|1|0|0|1|0|0|0|0|0|1|0|0|0|0
518|Miller's Crossing|0|0|0|0|0|0|0|1|0|0|0|0|0|0|0|0|0|0
519|Treasure of the Sierra Madre, The|0|1|0|0|0|0|0|0|0|0|0|0|0|0|0|0|0|0
520|Great Escape, The|0|1|0|0|0|0|0|0|0|0|0|0|0|0|0|0|1|0
521|Deer Hunter, The|0|0|0|0|0|0|0|1|0|0|0|0|0|0|0|0|1|0
522|Down by Law|0|0|0|0|1|0|0|1|0|0|0|0|0|0|0|0|0|0
523|Cool Hand Luke|0|0|0|0|1|0|0|1|0|0|0|0|0|0|0|0|0|0
524|Great Dictator, The|0|0|0|0|1|0|0|0|0|0|0|0|0|0|0|0|0|0
525|Big Sleep, The|0|0|0|0|0|0|0|0|0|1|0|0|1|0|0|0|0|0
526|Ben-Hur|1|1|0|0|0|0|0|1|0|0|0|0|0|0|0|0|0|0
527|Gandhi|0|0|0|0|0|0|0|1|0|0|0|0|0|0|0|0|0|0
528|Killing Fields, The|0|0|0|0|0|0|0|1|0|0|0|0|0|0|0|0|1|0
529|My Life as a Dog (Mitt liv som hund)|0|0|0|0|0|0|0|1|0|0|0|0|0|0|0|0|0|0
530|Man Who Would Be King, The|0|1|0|0|0|0|0|0|0|0|0|0|0|0|0|0|0|0
531|Shine|0|0|0|0|0|0|0|1|0|0|0|0|0|1|0|0|0|0
532|Kama Sutra: A Tale of Love|0|0|0|0|0|0|0|0|0|0|0|0|0|1|0|0|0|0
533|Daytrippers, The|0|0|0|0|0|0|0|0|0|0|0|0|1|0|0|0|0|0
534|Traveller|0|0|0|0|0|0|0|1|0|0|0|0|0|0|0|0|0|0
535|Addicted to Love|0|0|0|0|1|0|0|0|0|0|0|0|0|1|0|0|0|0
536|Ponette|0|0|0|0|0|0|0|1|0|0|0|0|0|0|0|0|0|0
537|My Own Private Idaho|0|0|0|0|0|0|0|1|0|0|0|0|0|0|0|0|0|0
538|Anastasia|0|0|1|1|0|0|0|0|0|0|0|1|0|0|0|0|0|0
539|Mouse Hunt|0|0|0|1|1|0|0|0|0|0|0|0|0|0|0|0|0|0
540|Money Train|1|0|0|0|0|0|0|0|0|0|0|0|0|0|0|0|0|0
541|Mortal Kombat|1|1|0|0|0|0|0|0|0|0|0|0|0|0|0|0|0|0
542|Pocahontas|0|0|1|1|0|0|0|0|0|0|0|1|0|1|0|0|0|0
